{
  "editor": {
    "allAngles": false,
    "entityTextureMode": true
  },
  "textureWidth": 16,
  "textureHeight": 16,
  "textureSizes": {
    "temporalgear": [ 32, 32 ],
    "agedplanks": [ 32, 32 ]
  },
  "textures": {
    "agedplanks": "game:block/wood/planks/aged9",
    "temporalgear": "game:item/resource/temporalgear",
    "plain1": "game:block/stone/quartz/full/plain1"
  },
  "elements": [
    {
      "name": "Cube1",
      "from": [ 4.0, 0.0, 4.0 ],
      "to": [ 12.0, 2.0, 12.0 ],
      "uv": [ 0.0, 2.0 ],
      "rotationOrigin": [ 4.0, 0.0, 4.0 ],
      "faces": {
        "north": {
          "texture": "#agedplanks",
          "uv": [ 0.0, 10.0, 8.0, 12.0 ]
        },
        "east": {
          "texture": "#agedplanks",
          "uv": [ 8.0, 10.0, 16.0, 12.0 ]
        },
        "south": {
          "texture": "#agedplanks",
          "uv": [ 16.0, 10.0, 24.0, 12.0 ]
        },
        "west": {
          "texture": "#agedplanks",
          "uv": [ 24.0, 10.0, 32.0, 12.0 ]
        },
        "up": {
          "texture": "#agedplanks",
          "uv": [ 0.0, 2.0, 8.0, 10.0 ]
        },
        "down": {
          "texture": "#agedplanks",
          "uv": [ 8.0, 2.0, 16.0, 10.0 ]
        }
      },
      "children": [
        {
          "name": "Cube2",
          "from": [ 1.0, 2.0, 1.0 ],
          "to": [ 2.0, 3.0, 4.0 ],
          "uv": [ 5.5, 11.0 ],
          "rotationOrigin": [ 1.0, 2.0, 1.0 ],
          "faces": {
            "north": {
              "texture": "#temporalgear",
              "uv": [ 6.0, 14.0, 7.0, 15.0 ]
            },
            "east": {
              "texture": "#temporalgear",
              "uv": [ 7.0, 14.0, 10.0, 15.0 ]
            },
            "south": {
              "texture": "#temporalgear",
              "uv": [ 10.0, 14.0, 11.0, 15.0 ]
            },
            "west": {
              "texture": "#temporalgear",
              "uv": [ 11.0, 14.0, 14.0, 15.0 ]
            },
            "up": {
              "texture": "#temporalgear",
              "uv": [ 6.0, 11.0, 7.0, 14.0 ]
            },
            "down": {
              "texture": "#temporalgear",
              "uv": [ 7.0, 11.0, 8.0, 14.0 ]
            }
          },
          "children": [
            {
              "name": "Cube3",
              "from": [ 0.0, 1.0, 1.0 ],
              "to": [ 1.0, 2.0, 2.0 ],
              "uv": [ 18.5, 17.0 ],
              "rotationOrigin": [ 0.0, 1.0, 1.0 ],
              "faces": {
                "north": {
                  "texture": "#temporalgear",
                  "uv": [ 19.0, 18.0, 20.0, 19.0 ]
                },
                "east": {
                  "texture": "#temporalgear",
                  "uv": [ 20.0, 18.0, 21.0, 19.0 ]
                },
                "south": {
                  "texture": "#temporalgear",
                  "uv": [ 21.0, 18.0, 22.0, 19.0 ]
                },
                "west": {
                  "texture": "#temporalgear",
                  "uv": [ 22.0, 18.0, 23.0, 19.0 ]
                },
                "up": {
                  "texture": "#temporalgear",
                  "uv": [ 19.0, 17.0, 20.0, 18.0 ]
                },
                "down": {
                  "texture": "#temporalgear",
                  "uv": [ 20.0, 17.0, 21.0, 18.0 ]
                }
              }
            }
          ]
        },
        {
          "name": "Cube4",
          "from": [ 3.0, 2.0, 1.0 ],
          "to": [ 4.0, 3.0, 4.0 ],
          "uv": [ 8.0, 5.0 ],
          "rotationOrigin": [ 3.0, 2.0, 1.0 ],
          "faces": {
            "north": {
              "texture": "#temporalgear",
              "uv": [ 8.0, 8.0, 9.0, 9.0 ]
            },
            "east": {
              "texture": "#temporalgear",
              "uv": [ 9.0, 8.0, 12.0, 9.0 ]
            },
            "south": {
              "texture": "#temporalgear",
              "uv": [ 12.0, 8.0, 13.0, 9.0 ]
            },
            "west": {
              "texture": "#temporalgear",
              "uv": [ 13.0, 8.0, 16.0, 9.0 ]
            },
            "up": {
              "texture": "#temporalgear",
              "uv": [ 8.0, 5.0, 9.0, 8.0 ]
            },
            "down": {
              "texture": "#temporalgear",
              "uv": [ 9.0, 5.0, 10.0, 8.0 ]
            }
          },
          "children": [
            {
              "name": "Cube5",
              "from": [ 0.0, 1.0, 1.0 ],
              "to": [ 1.0, 2.0, 2.0 ],
              "uv": [ 23.0, 3.5 ],
              "rotationOrigin": [ 0.0, 1.0, 1.0 ],
              "faces": {
                "north": {
                  "texture": "#temporalgear",
                  "uv": [ 23.0, 5.0, 24.0, 6.0 ]
                },
                "east": {
                  "texture": "#temporalgear",
                  "uv": [ 24.0, 5.0, 25.0, 6.0 ]
                },
                "south": {
                  "texture": "#temporalgear",
                  "uv": [ 25.0, 5.0, 26.0, 6.0 ]
                },
                "west": {
                  "texture": "#temporalgear",
                  "uv": [ 26.0, 5.0, 27.0, 6.0 ]
                },
                "up": {
                  "texture": "#temporalgear",
                  "uv": [ 23.0, 4.0, 24.0, 5.0 ]
                },
                "down": {
                  "texture": "#temporalgear",
                  "uv": [ 24.0, 4.0, 25.0, 5.0 ]
                }
              }
            }
          ]
        },
        {
          "name": "Cube6",
          "from": [ 5.0, 2.0, 1.0 ],
          "to": [ 6.0, 3.0, 4.0 ],
          "uv": [ 18.0, 4.0 ],
          "rotationOrigin": [ 5.0, 2.0, 1.0 ],
          "faces": {
            "north": {
              "texture": "#temporalgear",
              "uv": [ 18.0, 7.0, 19.0, 8.0 ]
            },
            "east": {
              "texture": "#temporalgear",
              "uv": [ 19.0, 7.0, 22.0, 8.0 ]
            },
            "south": {
              "texture": "#temporalgear",
              "uv": [ 22.0, 7.0, 23.0, 8.0 ]
            },
            "west": {
              "texture": "#temporalgear",
              "uv": [ 23.0, 7.0, 26.0, 8.0 ]
            },
            "up": {
              "texture": "#temporalgear",
              "uv": [ 18.0, 4.0, 19.0, 7.0 ]
            },
            "down": {
              "texture": "#temporalgear",
              "uv": [ 19.0, 4.0, 20.0, 7.0 ]
            }
          },
          "children": [
            {
              "name": "Cube7",
              "from": [ 0.0, 1.0, 1.0 ],
              "to": [ 1.0, 2.0, 2.0 ],
              "uv": [ 20.5, 2.0 ],
              "rotationOrigin": [ 0.0, 1.0, 1.0 ],
              "faces": {
                "north": {
                  "texture": "#temporalgear",
                  "uv": [ 21.0, 2.0, 22.0, 3.0 ]
                },
                "east": {
                  "texture": "#temporalgear",
                  "uv": [ 22.0, 2.0, 23.0, 3.0 ]
                },
                "south": {
                  "texture": "#temporalgear",
                  "uv": [ 23.0, 2.0, 24.0, 3.0 ]
                },
                "west": {
                  "texture": "#temporalgear",
                  "uv": [ 24.0, 2.0, 25.0, 3.0 ]
                },
                "up": {
                  "texture": "#temporalgear",
                  "uv": [ 21.0, 1.0, 22.0, 2.0 ]
                },
                "down": {
                  "texture": "#temporalgear",
                  "uv": [ 22.0, 1.0, 23.0, 2.0 ]
                }
              }
            }
          ]
        },
        {
          "name": "Cube8",
          "from": [ 1.0, 2.0, 5.0 ],
          "to": [ 7.0, 3.0, 7.0 ],
          "uv": [ 0.0, 10.0 ],
          "rotationOrigin": [ 1.0, 2.0, 5.0 ],
          "faces": {
            "north": {
              "texture": "#plain1",
              "uv": [ 0.0, 12.0, 6.0, 13.0 ]
            },
            "east": {
              "texture": "#plain1",
              "uv": [ 6.0, 12.0, 8.0, 13.0 ]
            },
            "south": {
              "texture": "#plain1",
              "uv": [ 8.0, 12.0, 14.0, 13.0 ]
            },
            "west": {
              "texture": "#plain1",
              "uv": [ 14.0, 12.0, 16.0, 13.0 ]
            },
            "up": {
              "texture": "#plain1",
              "uv": [ 0.0, 10.0, 6.0, 12.0 ]
            },
            "down": {
              "texture": "#plain1",
              "uv": [ 6.0, 10.0, 12.0, 12.0 ]
            }
          }
        }
      ]
    }
  ]
}
