{
  "ingredientPattern": "TPP,TMM,TPP",
  "width": 3,
  "height": 3,
  "ingredients": {
    "P": {
      "type": "item",
      "code": "game:metalplate-iron",
      "quantity": 1
    },
    "M": {
      "type": "block",
      "code": "game:planks-aged-ns",
      "quantity": 2
    },
    "T": {
      "type": "item",
      "code": "game:gear-temporal",
      "quantity": 1
    }
  },
  "name": "Ancient Ruin Locator",
  "output": {
    "type": "item",
    "code": "translocatorlocator:agedwoodlocator"
  }
}
