{
  "code": "agedwoodlocator",
  "class": "ItemAgedWoodLocator",
  "creativeinventory": {
    "general": [ "*" ],
    "items": [ "*" ],
    "tools": [ "*" ]
  },
  "shape": { "base": "item/agedwoodlocator" },
  "maxstacksize": 1,
  "durability": 1500,
  "glowLevelByType": {
    "*-relative": 255,
    "*-origin": 255
  },
  "fpHandTransform": {
    "translation": {
      "x": 0.2,
      "y": 0.4,
      "z": 0
    },
    "rotation": {
      "x": 174,
      "y": 90,
      "z": -140
    },
    "scale": 2
  },
  "guiTransform": {
    "translation": {
      "x": 2,
      "y": 6,
      "z": 0
    },
    "rotation": {
      "x": 145,
      "y": 75,
      "z": 0
    },
    "origin": {
      "x": 0.5,
      "y": 0,
      "z": 0.5
    },
    "scale": 2.6
  },
  "groundTransform": {
    "translation": {
      "x": 0,
      "y": 0.3,
      "z": 0
    },
    "rotation": {
      "x": 0,
      "y": 0,
      "z": 0
    },
    "origin": {
      "x": 0.5,
      "y": 0.5,
      "z": 0.5299
    },
    "scale": 2.48
  },
  "tpHandTransform": {
    "translation": {
      "x": -2.1,
      "y": -1.6,
      "z": -1.4
    },
    "rotation": {
      "x": 0,
      "y": 0,
      "z": -69
    }
  }
}
